n,p,n_dist,n_over,er,hidden_layers,activation,iter,auc_single,auc_multi,ap_single,ap_multi
50000,100,0,25,0.01,1,identity,0,0.7229198500462268,0.7294827415566515,0.03350225796245107,0.034928738819188856
50000,100,0,25,0.01,1,identity,1,0.646343558034271,0.6702161382557388,0.02956859235962751,0.030699726408213272
50000,100,0,25,0.01,1,identity,2,0.7277710624810838,0.738365983460945,0.04461729206218611,0.03168332546749439
50000,100,0,25,0.01,1,identity,3,0.7209095195335988,0.7206333818064308,0.027255270642007737,0.02797113910901939
50000,100,0,25,0.01,1,identity,4,0.7552840304856434,0.7612073055028463,0.045327321080268386,0.041995260724103964
50000,100,0,25,0.01,1,identity,5,0.7126613960584206,0.716826967013005,0.035808548502650195,0.036435719293187285
50000,100,0,25,0.01,1,identity,6,0.7279649312817646,0.7427418795600635,0.04286690864750193,0.04779198580872561
50000,100,0,25,0.01,1,identity,7,0.680254825895436,0.6973394950023134,0.025715569780552724,0.031314119486110924
50000,100,0,25,0.01,1,identity,8,0.7227632254750899,0.7283204930662557,0.0228683275234327,0.026915675875558657
50000,100,0,25,0.01,1,identity,9,0.6754646661461374,0.6898167361878031,0.026853040212277156,0.027191343471677044
50000,100,0,25,0.01,1,identity,10,0.7271894633428028,0.7261915058291807,0.039547540147425314,0.04026308999075452
50000,100,0,25,0.01,1,identity,11,0.7574851032968757,0.7710011662550472,0.050564913601597455,0.06251895899853728
50000,100,0,25,0.01,1,identity,12,0.7260185006406769,0.7225170700882906,0.04902001832025069,0.048022714233324264
50000,100,0,25,0.01,1,identity,13,0.7226120749683381,0.7508850966613012,0.048925770543221066,0.045793158222301664
50000,100,0,25,0.01,1,identity,14,0.6700775563713982,0.6607755380585508,0.02082791353406477,0.02127157909516216
50000,100,0,25,0.01,1,identity,15,0.6595184218830573,0.6749065500883831,0.03258638532112876,0.0276651098663072
50000,100,0,25,0.01,1,identity,16,0.7195543498316344,0.7236618674754371,0.04594130117032389,0.04851658961851799
50000,100,0,25,0.01,1,identity,17,0.7467082155015581,0.77635209270016,0.03787798851782163,0.04582895171042729
50000,100,0,25,0.01,1,identity,18,0.7260520145906907,0.7407181171764887,0.040430094884537235,0.04193901277087221
50000,100,0,25,0.01,1,identity,19,0.6965987026615613,0.7014110607870452,0.03158098988425096,0.03417380272647197
50000,100,0,25,0.01,1,identity,20,0.6495305578423302,0.6501051099611903,0.023295925199454694,0.0230343747105166
50000,100,0,25,0.01,1,identity,21,0.7967818956054726,0.8071415970833824,0.05522758838201098,0.057383755952632884
50000,100,0,25,0.01,1,identity,22,0.7322608484848485,0.7521881212121212,0.04220639124527656,0.05351129983484935
50000,100,0,25,0.01,1,identity,23,0.7567299465736407,0.7667715592709434,0.0462518209561331,0.05810762409209228
50000,100,0,25,0.01,1,identity,24,0.697499106878488,0.712284408621056,0.04191395704554628,0.05422863575435604
50000,100,0,25,0.01,1,relu,0,0.7251177397824077,0.7294688614182847,0.0344428223838743,0.035054310619839144
50000,100,0,25,0.01,1,relu,1,0.6470950028289687,0.500121241513094,0.03016425659163706,0.010242458189965591
50000,100,0,25,0.01,1,relu,2,0.7237531636566891,0.7380426466247958,0.04348757851129207,0.03299886778730346
50000,100,0,25,0.01,1,relu,3,0.4999596057521409,0.4999596057521409,0.00976,0.00976
50000,100,0,25,0.01,1,relu,4,0.7553687417895198,0.7613402370873908,0.03808649759711617,0.04356154420831429
50000,100,0,25,0.01,1,relu,5,0.6706821017529528,0.7166472236054616,0.03347516881574013,0.03641051263787714
50000,100,0,25,0.01,1,relu,6,0.7273439977216556,0.7404630057525021,0.03893525649742949,0.046274411247719305
50000,100,0,25,0.01,1,relu,7,0.677507535542299,0.6434651585543805,0.025880851558542424,0.028837025942081117
50000,100,0,25,0.01,1,relu,8,0.49995964487489913,0.49995964487489913,0.0088,0.0088
50000,100,0,25,0.01,1,relu,9,0.6786112889195266,0.6894814403185076,0.02630538049891535,0.027094061004069376
50000,100,0,25,0.01,1,relu,10,0.696164073085973,0.7217173296431083,0.04099810647074093,0.04110068173958583
50000,100,0,25,0.01,1,relu,11,0.7593447410717785,0.7149284321219963,0.05228028464449298,0.021266924559796722
50000,100,0,25,0.01,1,relu,12,0.677410963472644,0.6917582629759,0.03151019979107212,0.041402437011224695
50000,100,0,25,0.01,1,relu,13,0.6844716358482339,0.7513884818263935,0.03666785852847759,0.04621013537019862
50000,100,0,25,0.01,1,relu,14,0.6688467370138615,0.6640318537845611,0.017321935324533168,0.020377491703540078
50000,100,0,25,0.01,1,relu,15,0.5711611135483771,0.6173857884299132,0.02585552029162095,0.039375102862011305
50000,100,0,25,0.01,1,relu,16,0.4998789150791088,0.6891991529821486,0.00896,0.04718637106091167
50000,100,0,25,0.01,1,relu,17,0.7451834181617695,0.7755971339761969,0.037617644742629734,0.04499348987981276
50000,100,0,25,0.01,1,relu,18,0.7263464979853715,0.7409405822249673,0.036748420577924136,0.04228004936545524
50000,100,0,25,0.01,1,relu,19,0.49991917885718906,0.6970295366275691,0.01016,0.0340174977501001
50000,100,0,25,0.01,1,relu,20,0.6477229850248931,0.6517626131953428,0.023743586596312097,0.02341897835309165
50000,100,0,25,0.01,1,relu,21,0.7637570930847936,0.8071679358265711,0.04870433010291909,0.057572748102529575
50000,100,0,25,0.01,1,relu,22,0.7272998787878788,0.7517821414141416,0.045792193503086664,0.05301137761254588
50000,100,0,25,0.01,1,relu,23,0.720731387522548,0.7681572144126676,0.03991528804525736,0.059371551986328014
50000,100,0,25,0.01,1,relu,24,0.6955072293153822,0.7120968658442304,0.0420688931090839,0.053811777566066615
50000,100,0,25,0.01,10,identity,0,0.7181143047499041,0.7185234670895884,0.03505967970931214,0.0338593252662944
50000,100,0,25,0.01,10,identity,1,0.6384811722033623,0.6492104146459747,0.02901714412368803,0.028953045706281873
50000,100,0,25,0.01,10,identity,2,0.7136526472576837,0.727297336418819,0.04585661880674467,0.0421595546327924
50000,100,0,25,0.01,10,identity,3,0.7234748853730442,0.7173223778835534,0.02835033387946088,0.027611363735366726
50000,100,0,25,0.01,10,identity,4,0.751395781637717,0.7527980795295787,0.043387458082428464,0.045915870466362335
50000,100,0,25,0.01,10,identity,5,0.7053779414041155,0.7096316355857443,0.032222911934639734,0.03606953618768378
50000,100,0,25,0.01,10,identity,6,0.7241509276154512,0.725979849567861,0.03983959310723006,0.0387485597281674
50000,100,0,25,0.01,10,identity,7,0.6680877654550482,0.6707625065362788,0.024314411658315042,0.02338676812036989
50000,100,0,25,0.01,10,identity,8,0.7236671802773499,0.7252190182698658,0.02290678583636791,0.02195654157386299
50000,100,0,25,0.01,10,identity,9,0.6744833981650171,0.6769746699211469,0.02502786059413722,0.024609670773572317
50000,100,0,25,0.01,10,identity,10,0.7332620348131934,0.721169007431457,0.04174404930830187,0.04206498239925603
50000,100,0,25,0.01,10,identity,11,0.7505714894743032,0.7626321837390725,0.04779284816356494,0.05068860348500102
50000,100,0,25,0.01,10,identity,12,0.7226237910515876,0.7251268189078655,0.053802499314624906,0.04472709849912616
50000,100,0,25,0.01,10,identity,13,0.7142468016014858,0.7270871290288339,0.04570509623895258,0.04950539950393248
50000,100,0,25,0.01,10,identity,14,0.6569246576923965,0.6729451923002917,0.018953684854540735,0.02155231212978221
50000,100,0,25,0.01,10,identity,15,0.6597935763928975,0.6612661981984754,0.028433581069586218,0.035541569294412725
50000,100,0,25,0.01,10,identity,16,0.7099389097744361,0.716669213293971,0.04357549768534637,0.04417924538511579
50000,100,0,25,0.01,10,identity,17,0.7470379225791396,0.7508644042443717,0.037479085458507706,0.03542373119596052
50000,100,0,25,0.01,10,identity,18,0.7301921268488165,0.7241516351935182,0.03797559114327499,0.030872516029346868
50000,100,0,25,0.01,10,identity,19,0.6770597140967982,0.700306293039645,0.030123765778468266,0.031557628928642924
50000,100,0,25,0.01,10,identity,20,0.6504168871770748,0.6470982055353012,0.023071703051944635,0.02332369530145939
50000,100,0,25,0.01,10,identity,21,0.7940298032067115,0.7935710190520994,0.06095058786542832,0.05561668572995441
50000,100,0,25,0.01,10,identity,22,0.7288882424242423,0.7200090505050505,0.044070671903638614,0.042547367555964465
50000,100,0,25,0.01,10,identity,23,0.7543499969538763,0.7666252128975521,0.04547980916656927,0.045845823337661025
50000,100,0,25,0.01,10,identity,24,0.6966164327223414,0.6977289487055217,0.044135688363427066,0.047300909936132
50000,100,0,25,0.01,10,relu,0,0.5812307941128901,0.6092324645573683,0.017567133384080457,0.02241013938101361
50000,100,0,25,0.01,10,relu,1,0.6031064348933075,0.6006203524086647,0.017558275279672277,0.01539808897278332
50000,100,0,25,0.01,10,relu,2,0.6380927137046569,0.6871308806103797,0.019573977264134318,0.02422033471864422
50000,100,0,25,0.01,10,relu,3,0.6093300117341979,0.6084976253479865,0.013914680348922244,0.015561834641534468
50000,100,0,25,0.01,10,relu,4,0.5829030433513356,0.6552829878849804,0.013502738492648865,0.018825809985692138
50000,100,0,25,0.01,10,relu,5,0.5986844927365944,0.6035522519447724,0.026541952100981123,0.022267749542037245
50000,100,0,25,0.01,10,relu,6,0.6233971788548036,0.6607770615602954,0.02169181795642891,0.026437598840871476
50000,100,0,25,0.01,10,relu,7,0.5608886875152285,0.612523236299823,0.01276428557257768,0.01763106381907558
50000,100,0,25,0.01,10,relu,8,0.6488333700198107,0.6999479052021425,0.018321927802823386,0.018347705609844854
50000,100,0,25,0.01,10,relu,9,0.5487017250151821,0.5871018947733704,0.014566188066623628,0.016556217719353134
50000,100,0,25,0.01,10,relu,10,0.6250601546612378,0.637221930227246,0.022292797485987448,0.028205100055648358
50000,100,0,25,0.01,10,relu,11,0.6853904504292603,0.7085268924693247,0.030305404513216463,0.029849366792036584
50000,100,0,25,0.01,10,relu,12,0.6638535395201067,0.668436221937477,0.028869991828671553,0.029207275028203833
50000,100,0,25,0.01,10,relu,13,0.6245227354510671,0.651113355796507,0.02537063725220521,0.04189431423287367
50000,100,0,25,0.01,10,relu,14,0.5858174205515404,0.590701573447654,0.014625888962486264,0.014260564692218144
50000,100,0,25,0.01,10,relu,15,0.5719403973000223,0.5922011334569924,0.014775629231992231,0.014489344100988158
50000,100,0,25,0.01,10,relu,16,0.5876705279302551,0.6472133170349185,0.012686740430311767,0.0199662830333782
50000,100,0,25,0.01,10,relu,17,0.6363761667988889,0.6712311387581242,0.012668847087308668,0.016200277404242354
50000,100,0,25,0.01,10,relu,18,0.5771919782874112,0.6533036813817871,0.011384546245757183,0.018153663077827488
50000,100,0,25,0.01,10,relu,19,0.56134165642614,0.6053949067406742,0.013889911524680183,0.01931348377612978
50000,100,0,25,0.01,10,relu,20,0.5522603541887178,0.5876002097298992,0.014888335487769085,0.01459842942038974
50000,100,0,25,0.01,10,relu,21,0.6971889823199655,0.7015630512760204,0.030356831288689753,0.029957116614316118
50000,100,0,25,0.01,10,relu,22,0.6505897373737375,0.6627969292929293,0.021235344873654256,0.022946547507176583
50000,100,0,25,0.01,10,relu,23,0.6153328618463747,0.6345605238273087,0.01399739907521531,0.016470015694330955
50000,100,0,25,0.01,10,relu,24,0.5870955280730642,0.6274427064461204,0.016621135812252254,0.025548690388842738
50000,100,0,25,0.01,25,identity,0,0.7303891749404361,0.7179996427373081,0.03421275116694384,0.03127946822817455
50000,100,0,25,0.01,25,identity,1,0.6272347589314582,0.6319208697057872,0.024367470467510012,0.03032061363037564
50000,100,0,25,0.01,25,identity,2,0.7054908986320221,0.7245445869591236,0.03483863022627872,0.03553736733585658
50000,100,0,25,0.01,25,identity,3,0.7168628105390581,0.7212260515086257,0.027005159688449274,0.027930010909607846
50000,100,0,25,0.01,25,identity,4,0.748617902495986,0.7489489282065184,0.041479958585935894,0.03518029823126687
50000,100,0,25,0.01,25,identity,5,0.6882027710791692,0.6940305605756265,0.031670526601651844,0.031738619734975215
50000,100,0,25,0.01,25,identity,6,0.7289505905221083,0.7309044402837133,0.039191752808794236,0.04727859091146128
50000,100,0,25,0.01,25,identity,7,0.6547284330178581,0.6625897626133069,0.022955916387051425,0.024172612441598296
50000,100,0,25,0.01,25,identity,8,0.7044397974906449,0.7194607087827427,0.01945984648214595,0.022919431746723208
50000,100,0,25,0.01,25,identity,9,0.6655617143701245,0.6811172152153983,0.02470923318046621,0.025977266818869048
50000,100,0,25,0.01,25,identity,10,0.7253116399546706,0.7224003761190986,0.041032757086106916,0.03546690194017951
50000,100,0,25,0.01,25,identity,11,0.7472705711709591,0.7504673595593712,0.05251934308987808,0.056987701879963534
50000,100,0,25,0.01,25,identity,12,0.7144814028189781,0.7333696090993663,0.03329719436710302,0.042589445478843954
50000,100,0,25,0.01,25,identity,13,0.7080646442689199,0.7087956877115937,0.040801006286947245,0.047951248010932396
50000,100,0,25,0.01,25,identity,14,0.6696965732039274,0.6605080801783566,0.021734858265137037,0.01952715850708898
50000,100,0,25,0.01,25,identity,15,0.6623918302841852,0.6423286409547926,0.029664049942103088,0.021175762499913344
50000,100,0,25,0.01,25,identity,16,0.7060836523824899,0.7121760978366161,0.040028662027853726,0.043048788893418344
50000,100,0,25,0.01,25,identity,17,0.7258583543936014,0.7496575666991153,0.03580736498120467,0.03621093930780184
50000,100,0,25,0.01,25,identity,18,0.7274297896536408,0.716769566178073,0.03927725498774316,0.03669398656130241
50000,100,0,25,0.01,25,identity,19,0.6995979943628845,0.7037866932761264,0.029825328972826182,0.03159540456778346
50000,100,0,25,0.01,25,identity,20,0.6358607501274061,0.637869844956682,0.02434974480166125,0.023547363974486563
50000,100,0,25,0.01,25,identity,21,0.7962826845427105,0.7834832804108354,0.05564281591073829,0.04803079869154049
50000,100,0,25,0.01,25,identity,22,0.7327146666666666,0.7298372525252526,0.03380424133687253,0.04201435937952634
50000,100,0,25,0.01,25,identity,23,0.7357474525135818,0.7439176857936741,0.04418019741243456,0.037223188762897444
50000,100,0,25,0.01,25,identity,24,0.6997440143021753,0.6824686744955584,0.040141483192043075,0.03475745740465379
50000,100,0,25,0.01,25,relu,0,0.6047926307327989,0.5900006276236478,0.016120149794262045,0.015158749546228222
50000,100,0,25,0.01,25,relu,1,0.5111763205221468,0.513255107298739,0.012905363195549552,0.013380323493031938
50000,100,0,25,0.01,25,relu,2,0.5835258628738503,0.6114894862265401,0.01438280773473789,0.01483219411294048
50000,100,0,25,0.01,25,relu,3,0.5847583894217399,0.6272769773977627,0.01339501341195646,0.016249859532244018
50000,100,0,25,0.01,25,relu,4,0.6305120993806952,0.5694886825698021,0.017033417868234226,0.012511103887519161
50000,100,0,25,0.01,25,relu,5,0.5597647995732784,0.5572148211145116,0.017735331906084506,0.017562896736318417
50000,100,0,25,0.01,25,relu,6,0.6382328855518343,0.6269163317172123,0.020673358101321575,0.03280649770657437
50000,100,0,25,0.01,25,relu,7,0.5979072957190454,0.5556528202502814,0.014887788038679264,0.012309009177142841
50000,100,0,25,0.01,25,relu,8,0.6219715312935652,0.6142226135446474,0.019186323211322243,0.013450085197544658
50000,100,0,25,0.01,25,relu,9,0.5661834185641365,0.5320670638633118,0.015134203789039683,0.013046877320824667
50000,100,0,25,0.01,25,relu,10,0.6408301010598308,0.6120174043790375,0.024473969805338176,0.018717750630578223
50000,100,0,25,0.01,25,relu,11,0.6214044552902898,0.6250759535850092,0.016855755184079762,0.02058338221273172
50000,100,0,25,0.01,25,relu,12,0.6263923750680171,0.6010538695125591,0.02196314161439524,0.020522754232297068
50000,100,0,25,0.01,25,relu,13,0.6185248411232298,0.6192438674134215,0.018802403040442752,0.019339482340025645
50000,100,0,25,0.01,25,relu,14,0.5611259912617599,0.6181759757402234,0.012958997500940213,0.017895233483423922
50000,100,0,25,0.01,25,relu,15,0.5762498685159102,0.584535290329698,0.014831994567628966,0.021295206686930673
50000,100,0,25,0.01,25,relu,16,0.6134262996448175,0.6257257887817704,0.013801500277343743,0.016578252062923352
50000,100,0,25,0.01,25,relu,17,0.6087105320657755,0.6235199402298239,0.015375004521182182,0.01655972488751209
50000,100,0,25,0.01,25,relu,18,0.5808177815182071,0.5977688640934624,0.011823564967697384,0.013186433842423153
50000,100,0,25,0.01,25,relu,19,0.5603527111038704,0.5940105805694518,0.011695163796717499,0.016022899609070808
50000,100,0,25,0.01,25,relu,20,0.5608602601042769,0.5842411011799756,0.012609530671058218,0.014870476684837904
50000,100,0,25,0.01,25,relu,21,0.6632683562664158,0.6664155298130071,0.021400579092070382,0.027812287378949745
50000,100,0,25,0.01,25,relu,22,0.6113060202020202,0.6161415757575758,0.01941245218039925,0.019431398272250294
50000,100,0,25,0.01,25,relu,23,0.6178233989971631,0.6153520656691274,0.0179136494206993,0.024304338175763895
50000,100,0,25,0.01,25,relu,24,0.5813882140576562,0.5796830017444536,0.01732370020840114,0.018077582970824034
50000,100,0,25,0.01,30,identity,0,0.6908036238023856,0.7188740914544213,0.029288145508963845,0.03966587243546069
50000,100,0,25,0.01,30,identity,1,0.6414680073957322,0.6487267115260266,0.027912681444309674,0.025320860795245367
50000,100,0,25,0.01,30,identity,2,0.7114895488887176,0.7284659860300942,0.04351473723243419,0.036554273600916724
50000,100,0,25,0.01,30,identity,3,0.7154847707063564,0.7089031571084605,0.030778848102180387,0.02555772550058029
50000,100,0,25,0.01,30,identity,4,0.7478594105135852,0.7528208864190837,0.03952578111573114,0.042270004382058905
50000,100,0,25,0.01,30,identity,5,0.7029095585259455,0.7121513071145751,0.03321763281935241,0.03652987116576298
50000,100,0,25,0.01,30,identity,6,0.7154065103269245,0.7238454897090717,0.0389724095892436,0.03577056246716886
50000,100,0,25,0.01,30,identity,7,0.6885671929454731,0.6765363334966832,0.02788674341000493,0.02402780412198816
50000,100,0,25,0.01,30,identity,8,0.6944603419179691,0.7188150267811284,0.01990447334382399,0.021409892303555396
50000,100,0,25,0.01,30,identity,9,0.6696227804234107,0.6708496584906058,0.024094516374532186,0.02324053025402886
50000,100,0,25,0.01,30,identity,10,0.7063487839333277,0.730588617518368,0.05008779412158022,0.038582782053733375
50000,100,0,25,0.01,30,identity,11,0.747160928495825,0.7453735691324631,0.039678722187379674,0.048973999319800544
50000,100,0,25,0.01,30,identity,12,0.7128826947043233,0.7210026153657123,0.055515459344489086,0.04237561006287253
50000,100,0,25,0.01,30,identity,13,0.7140885757604687,0.6971410526625001,0.04185982287095114,0.04851862723544427
50000,100,0,25,0.01,30,identity,14,0.6565597091700212,0.6603291335390898,0.025893065321822777,0.02261114815893664
50000,100,0,25,0.01,30,identity,15,0.6657449952665727,0.634912938290989,0.029372020619779844,0.023167215163509468
50000,100,0,25,0.01,30,identity,16,0.7210549379583929,0.7121501510678537,0.04441785660903236,0.044448173626539064
50000,100,0,25,0.01,30,identity,17,0.7424329876238457,0.7451513089214349,0.026628867546325034,0.03456226595004544
50000,100,0,25,0.01,30,identity,18,0.7167130072674429,0.7206170803385389,0.04737456708571272,0.031138037268366135
50000,100,0,25,0.01,30,identity,19,0.6776025521662292,0.7031700343203484,0.03204168205719367,0.02855495435334516
50000,100,0,25,0.01,30,identity,20,0.6494129522913481,0.6470822797836058,0.02177295867230368,0.025758457998664434
50000,100,0,25,0.01,30,identity,21,0.7777089703634013,0.7927973950370457,0.054561042299786235,0.05032333364255989
50000,100,0,25,0.01,30,identity,22,0.7284906666666666,0.7223014141414139,0.04867623540661696,0.03928743233008596
50000,100,0,25,0.01,30,identity,23,0.7456314614241555,0.750736367272448,0.0412376450201023,0.043159095210775836
50000,100,0,25,0.01,30,identity,24,0.6849612606951619,0.6987492221816219,0.04086958121562833,0.0374100510205071
50000,100,0,25,0.01,30,relu,0,0.5688008284632152,0.5766678494958493,0.014325423780257977,0.01478147366601395
50000,100,0,25,0.01,30,relu,1,0.571209182023925,0.5658518226640801,0.01331654835783476,0.018717272576453562
50000,100,0,25,0.01,30,relu,2,0.6239912172691948,0.6283800761846755,0.01704257779554745,0.02585910328320412
50000,100,0,25,0.01,30,relu,3,0.6170532594847018,0.6085804004460584,0.019861403541482546,0.01665376187936317
50000,100,0,25,0.01,30,relu,4,0.5961212648831244,0.5693309892195091,0.018904451253820183,0.014650312951456516
50000,100,0,25,0.01,30,relu,5,0.570781601735235,0.5872508537229033,0.01669936751978199,0.018470179084187646
50000,100,0,25,0.01,30,relu,6,0.6415736457375532,0.6379322118415682,0.020335357389267467,0.023129780867845923
50000,100,0,25,0.01,30,relu,7,0.5574864004336529,0.5449867084258451,0.012681406802448083,0.012029934071595992
50000,100,0,25,0.01,30,relu,8,0.6034859490791693,0.5844317264656248,0.014958584418180985,0.012205706862498396
50000,100,0,25,0.01,30,relu,9,0.5984585768917838,0.5617718159202231,0.018982443754495426,0.016779996545156765
50000,100,0,25,0.01,30,relu,10,0.5993045344971735,0.6419816331463825,0.01713791012931804,0.02031701180994409
50000,100,0,25,0.01,30,relu,11,0.6431914961386178,0.6218656895605472,0.020550281910712342,0.016872741931135176
50000,100,0,25,0.01,30,relu,12,0.6098014779449193,0.5721542539186604,0.015892938838007867,0.011383234560006311
50000,100,0,25,0.01,30,relu,13,0.6231214019477135,0.6005992553371179,0.020593545532484166,0.015323821062282847
50000,100,0,25,0.01,30,relu,14,0.5771715399160041,0.5804721112624781,0.013858469306319322,0.01825092569208965
50000,100,0,25,0.01,30,relu,15,0.5786172235178215,0.5422615519997126,0.014100060035079671,0.013064909431958054
50000,100,0,25,0.01,30,relu,16,0.596354767286314,0.6213393433737718,0.01691749713917632,0.02199947121461686
50000,100,0,25,0.01,30,relu,17,0.6360010368935172,0.6277591431061852,0.015324386003106337,0.01485948142884554
50000,100,0,25,0.01,30,relu,18,0.5815598344256744,0.5456962062545105,0.01293439396180102,0.01075678710492287
50000,100,0,25,0.01,30,relu,19,0.579229220852364,0.5467747591116293,0.015627377948437243,0.01277728895123633
50000,100,0,25,0.01,30,relu,20,0.5426381375200909,0.518522874279666,0.013447038061298499,0.011965820444595189
50000,100,0,25,0.01,30,relu,21,0.6594498510329688,0.6658311772315653,0.0210468542283733,0.030515824091802028
50000,100,0,25,0.01,30,relu,22,0.6127424646464648,0.6299810909090909,0.02270783270276701,0.025790200494843155
50000,100,0,25,0.01,30,relu,23,0.6393681015233267,0.6205430576194146,0.015973917319974718,0.014811671927339719
50000,100,0,25,0.01,30,relu,24,0.5498535076869605,0.5938903863432166,0.02079368301284112,0.0197934862962533
50000,100,0,25,0.01,40,identity,0,0.6851350959902092,0.7159200359193841,0.028647090500717145,0.03148117544512607
50000,100,0,25,0.01,40,identity,1,0.6322397601438733,0.6541023834060782,0.023604249508717937,0.028208936424478123
50000,100,0,25,0.01,40,identity,2,0.7225011733492746,0.7148557610666105,0.036376742963323855,0.041033946637604915
50000,100,0,25,0.01,40,identity,3,0.698603948305958,0.7113095947596078,0.02296512740144443,0.026991009596953323
50000,100,0,25,0.01,40,identity,4,0.7579081260295681,0.7389595106032487,0.04137353837385037,0.037013851232779414
50000,100,0,25,0.01,40,identity,5,0.7024796663813152,0.6951188124905582,0.03206352459976605,0.030568854705935466
50000,100,0,25,0.01,40,identity,6,0.7169268182422128,0.714204874196108,0.03706980482513731,0.0390413179237723
50000,100,0,25,0.01,40,identity,7,0.6694689393296448,0.6664862060563586,0.0222110385242089,0.020736276584725467
50000,100,0,25,0.01,40,identity,8,0.721562110206178,0.7250179763739085,0.021955798535341742,0.02234499409513802
50000,100,0,25,0.01,40,identity,9,0.6654245478781398,0.6855968149237144,0.024580153088941008,0.02431112997584637
50000,100,0,25,0.01,40,identity,10,0.7093853468789433,0.7129469463608924,0.030012199964293287,0.03918087413846049
50000,100,0,25,0.01,40,identity,11,0.7549896605119761,0.7440015043710062,0.05238462888955084,0.03962448606501243
50000,100,0,25,0.01,40,identity,12,0.7212195678503098,0.7248775692896385,0.04832491975323155,0.04586470407544138
50000,100,0,25,0.01,40,identity,13,0.7223917605061626,0.6983167307470196,0.04655569324395677,0.036693377904279
50000,100,0,25,0.01,40,identity,14,0.6626855849823363,0.6534444983208519,0.019815480360733436,0.017844200876738953
50000,100,0,25,0.01,40,identity,15,0.6532354065488055,0.6401992400860996,0.024642076139307797,0.023391031989614213
50000,100,0,25,0.01,40,identity,16,0.7029188673370541,0.7153134946261359,0.036394769338369076,0.04402653047686868
50000,100,0,25,0.01,40,identity,17,0.732103210062566,0.7365687439256757,0.03255376394602163,0.0334104327478892
50000,100,0,25,0.01,40,identity,18,0.7131030405316234,0.7213387720381794,0.035335749643969086,0.032520720562225575
50000,100,0,25,0.01,40,identity,19,0.6854714768186507,0.6850285515005686,0.030352133446193384,0.02772775867028192
50000,100,0,25,0.01,40,identity,20,0.6449286281312478,0.6434879601317183,0.02352787608580094,0.02214838236285627
50000,100,0,25,0.01,40,identity,21,0.782681480065859,0.7921873162413267,0.05314011498079192,0.0496013844573821
50000,100,0,25,0.01,40,identity,22,0.7096313535353536,0.716093414141414,0.036924573765447194,0.03385532080794314
50000,100,0,25,0.01,40,identity,23,0.7450540223400057,0.7419079064124875,0.034798999732540595,0.046589000119563205
50000,100,0,25,0.01,40,identity,24,0.6912485303628189,0.695957484867897,0.03504517836196381,0.04145503161582394
50000,100,0,25,0.01,40,relu,0,0.5600086660342151,0.58386922737115,0.01384692750719225,0.016197736989122805
50000,100,0,25,0.01,40,relu,1,0.5555955484157776,0.535395575695118,0.015077060047106391,0.012921635322755382
50000,100,0,25,0.01,40,relu,2,0.6260183387128813,0.6403222339818242,0.019142941183590566,0.018181572522825953
50000,100,0,25,0.01,40,relu,3,0.6166320997857119,0.5955900076550411,0.02053990033442589,0.018016049556656977
50000,100,0,25,0.01,40,relu,4,0.6215893925808537,0.605333944992389,0.016026365580497626,0.015111591589945756
50000,100,0,25,0.01,40,relu,5,0.5822427501160988,0.5784119541721919,0.017858538093228935,0.017737472579047
50000,100,0,25,0.01,40,relu,6,0.6404392377074476,0.6360715285817359,0.021654154663393727,0.022092357858503744
50000,100,0,25,0.01,40,relu,7,0.5869133433168432,0.5873575365004969,0.013081014758391468,0.01460441360048486
50000,100,0,25,0.01,40,relu,8,0.6517910338249322,0.5795494900579646,0.016083492109912903,0.012264815818536402
50000,100,0,25,0.01,40,relu,9,0.5619593940289198,0.5523260857841585,0.016867834487691337,0.014277993926285768
50000,100,0,25,0.01,40,relu,10,0.6296429973321269,0.6487555469805133,0.020056964304707547,0.023331449792578
50000,100,0,25,0.01,40,relu,11,0.6012571543376848,0.6490932121996158,0.017344454455403308,0.018981487911294732
50000,100,0,25,0.01,40,relu,12,0.6114479296484177,0.6038882940443384,0.013448663725538943,0.016777218474867062
50000,100,0,25,0.01,40,relu,13,0.6009838042165517,0.638777748773416,0.014362942538230599,0.032841677509680055
50000,100,0,25,0.01,40,relu,14,0.5887184085422328,0.5775441850680254,0.0151308985209791,0.014764136732244143
50000,100,0,25,0.01,40,relu,15,0.5804278556420143,0.5759400791726637,0.015401778648644539,0.014652632107379805
50000,100,0,25,0.01,40,relu,16,0.626053727109184,0.5992492734904746,0.019315992572203754,0.012518284342159996
50000,100,0,25,0.01,40,relu,17,0.6027726720604969,0.6199049096594776,0.017412932494807614,0.011628145346046947
50000,100,0,25,0.01,40,relu,18,0.644084578949075,0.5867979436688332,0.014000430199359861,0.013556605267715887
50000,100,0,25,0.01,40,relu,19,0.5876683482131208,0.5485159138102969,0.015085890240654775,0.013182604172044518
50000,100,0,25,0.01,40,relu,20,0.5140477380532361,0.5536140430828336,0.012801591965217681,0.013396931397898274
50000,100,0,25,0.01,40,relu,21,0.6711595662315261,0.6636168852169824,0.02230456524564879,0.03821366923583498
50000,100,0,25,0.01,40,relu,22,0.6041606464646465,0.6119072323232323,0.025004740902463136,0.016791727576131718
50000,100,0,25,0.01,40,relu,23,0.6384688328578731,0.632971904145112,0.016329153766632718,0.018200803297038666
50000,100,0,25,0.01,40,relu,24,0.5976249338121791,0.5959120770923123,0.02397923256133712,0.021636030558896208
50000,100,0,25,0.01,50,identity,0,0.6864947460658859,0.7005673959170667,0.024800572890737116,0.03318563201466175
50000,100,0,25,0.01,50,identity,1,0.6340381759214355,0.633707287625283,0.026159706881654227,0.028168855583864044
50000,100,0,25,0.01,50,identity,2,0.709976257300927,0.7265992797609312,0.03620971495913398,0.04552335871647607
50000,100,0,25,0.01,50,identity,3,0.7124287140855405,0.7137418582413536,0.02537798947971375,0.026817167166180864
50000,100,0,25,0.01,50,identity,4,0.7384460297766748,0.7544245365640053,0.041232121950397826,0.03861156286167967
50000,100,0,25,0.01,50,identity,5,0.7081298106423016,0.708551310098642,0.03512163115820772,0.03375661766963732
50000,100,0,25,0.01,50,identity,6,0.7128608415370143,0.7036521798049961,0.03917573830834185,0.032216890605820295
50000,100,0,25,0.01,50,identity,7,0.6688392664036642,0.664648519310426,0.02359856119326138,0.019930265488101936
50000,100,0,25,0.01,50,identity,8,0.7049446034191797,0.7141873945263776,0.022850367888520465,0.022515648074668233
50000,100,0,25,0.01,50,identity,9,0.6732483135555665,0.6719241293444849,0.02440188861190936,0.022821748620498402
50000,100,0,25,0.01,50,identity,10,0.7106034094664032,0.7240791624253472,0.04049583499470033,0.038431434822494906
50000,100,0,25,0.01,50,identity,11,0.7536457720804423,0.7531606491826415,0.046127601423911146,0.051052670592016985
50000,100,0,25,0.01,50,identity,12,0.7089178704955154,0.6996506994786822,0.05395938501118463,0.0502227736862527
50000,100,0,25,0.01,50,identity,13,0.7156594846377397,0.7264555609039304,0.04881783382150271,0.04949548874945713
50000,100,0,25,0.01,50,identity,14,0.6695323784381486,0.6485083931746289,0.02717869281172228,0.02255306614674479
50000,100,0,25,0.01,50,identity,15,0.6558920265482411,0.6600077992513744,0.030471779291187547,0.029856726373070172
50000,100,0,25,0.01,50,identity,16,0.7161646927902579,0.6954829558558974,0.03593483128504261,0.037775324390064945
50000,100,0,25,0.01,50,identity,17,0.7324571948584493,0.7448552773885946,0.038253652325504386,0.03410340611536987
50000,100,0,25,0.01,50,identity,18,0.718278557913685,0.7184663334969772,0.04427550945515807,0.030765520483425967
50000,100,0,25,0.01,50,identity,19,0.6837055030288837,0.6919110763785254,0.030341511283163744,0.02991531290965995
50000,100,0,25,0.01,50,identity,20,0.6248101160374769,0.6316771776627856,0.019866777370194898,0.02302909354250618
50000,100,0,25,0.01,50,identity,21,0.7740595231094909,0.7602843604218118,0.043867994183599136,0.04698495704040813
50000,100,0,25,0.01,50,identity,22,0.7283691313131313,0.7146427474747475,0.045395936715374424,0.03164878799977936
50000,100,0,25,0.01,50,identity,23,0.7515594828476753,0.7420171695419424,0.0362376391885984,0.03910293457610636
50000,100,0,25,0.01,50,identity,24,0.6764515071966992,0.6818392850135484,0.03797069739060629,0.03406205912616608
50000,100,0,25,0.01,50,relu,0,0.5875921218748567,0.5823641375847595,0.016884890903742043,0.015292391372676425
50000,100,0,25,0.01,50,relu,1,0.5847812853621079,0.5593073068218558,0.015104722293450158,0.013036478218392846
50000,100,0,25,0.01,50,relu,2,0.622993008780851,0.5960388731084638,0.018553091076031987,0.014621607649961314
50000,100,0,25,0.01,50,relu,3,0.5936616789703574,0.5951933493850804,0.014759218192054358,0.01879585763114098
50000,100,0,25,0.01,50,relu,4,0.6337839105865672,0.6123858352273911,0.018811924151602454,0.02253012145180541
50000,100,0,25,0.01,50,relu,5,0.6082456297407032,0.5932492945479231,0.01983393378923668,0.021692938307211716
50000,100,0,25,0.01,50,relu,6,0.656573452522933,0.6525397664802808,0.028655320131633053,0.026596917347353248
50000,100,0,25,0.01,50,relu,7,0.575031688974427,0.6081737021209026,0.01380649939793597,0.014944329956005881
50000,100,0,25,0.01,50,relu,8,0.6236664465478026,0.5993814659916354,0.020355571512865125,0.012631943858565038
50000,100,0,25,0.01,50,relu,9,0.5714977408561533,0.5814839304179006,0.01688273624832909,0.015259172543095735
50000,100,0,25,0.01,50,relu,10,0.6209857159014551,0.6217790921247845,0.018811367853389396,0.018178834076058886
50000,100,0,25,0.01,50,relu,11,0.6516431700576267,0.6299455584303579,0.02037300151257472,0.022509226582756076
50000,100,0,25,0.01,50,relu,12,0.6020880799003001,0.6227287567358832,0.019866231408816507,0.018874139601721643
50000,100,0,25,0.01,50,relu,13,0.6071299100916708,0.6259654613685266,0.015839512711913667,0.015342849480545793
50000,100,0,25,0.01,50,relu,14,0.6055175855159691,0.5756585108047851,0.014550140911182029,0.013738816551078548
50000,100,0,25,0.01,50,relu,15,0.6045497343380001,0.5888710583635425,0.01452316416806257,0.014168874305367942
50000,100,0,25,0.01,50,relu,16,0.6341058743484478,0.6116503874717468,0.0150962514852179,0.016098044000444785
50000,100,0,25,0.01,50,relu,17,0.669996890885753,0.6541341430082913,0.016009801954674607,0.014928432981804032
50000,100,0,25,0.01,50,relu,18,0.580592299994495,0.573788640105094,0.011417131559436775,0.010864987800091267
50000,100,0,25,0.01,50,relu,19,0.5767403114859573,0.5620060444032632,0.013325791938717548,0.01626044216151838
50000,100,0,25,0.01,50,relu,20,0.5460125592927987,0.5416299149319848,0.012477487200426629,0.012782957462899872
50000,100,0,25,0.01,50,relu,21,0.6757480203065585,0.6845420978870203,0.026758606269873225,0.0251116779281989
50000,100,0,25,0.01,50,relu,22,0.601882505050505,0.5857764848484849,0.027809251033780995,0.014188335749441661
50000,100,0,25,0.01,50,relu,23,0.6244361360319339,0.6299112121188042,0.020445647745995818,0.016235872779147984
50000,100,0,25,0.01,50,relu,24,0.5878813730781324,0.5845137571290462,0.01757444802457752,0.01869316962377974
50000,100,0,25,0.01,75,identity,0,0.7203296955301127,0.7146672025607046,0.027900164379616402,0.027227901066543877
50000,100,0,25,0.01,75,identity,1,0.6367143297365018,0.6449802224781765,0.02790715249411664,0.030300537723213374
50000,100,0,25,0.01,75,identity,2,0.6956617094618008,0.6976011038569196,0.03372858226784552,0.034007825100728854
50000,100,0,25,0.01,75,identity,3,0.7074721412129928,0.7081628166313052,0.027860732557877653,0.024693463816133607
50000,100,0,25,0.01,75,identity,4,0.7488792042871738,0.7565846748128532,0.030931669063395815,0.044423936374602145
50000,100,0,25,0.01,75,identity,5,0.6973661879104258,0.6863927479713007,0.0380824352296701,0.032201296807028025
50000,100,0,25,0.01,75,identity,6,0.7296593970327528,0.7050597350789347,0.0475784187832132,0.03705353232170924
50000,100,0,25,0.01,75,identity,7,0.6530721194516917,0.6676264615940583,0.02079759874977916,0.023708277171725127
50000,100,0,25,0.01,75,identity,8,0.6813713405238829,0.7234294519040282,0.01615219751908839,0.023035885563759583
50000,100,0,25,0.01,75,identity,9,0.6679123025447314,0.6672721922488036,0.025633623314711064,0.02174218439396256
50000,100,0,25,0.01,75,identity,10,0.7167081373455659,0.7295801260087686,0.04327955538714222,0.04237302136241078
50000,100,0,25,0.01,75,identity,11,0.7531759624054256,0.7571696509075229,0.05264484096660416,0.042687978663697564
50000,100,0,25,0.01,75,identity,12,0.709371434589528,0.7261371575011848,0.04426342389196975,0.05244945042119409
50000,100,0,25,0.01,75,identity,13,0.7176229538294325,0.7219618134951288,0.03774048384609052,0.04803788217178731
50000,100,0,25,0.01,75,identity,14,0.6563717831295011,0.6693444523976284,0.018505187374172078,0.022678123232622423
50000,100,0,25,0.01,75,identity,15,0.645366885507503,0.6491183510740646,0.03203900162450816,0.02494275711853731
50000,100,0,25,0.01,75,identity,16,0.7182173704967942,0.714332562618202,0.047268300704433726,0.0461221666075872
50000,100,0,25,0.01,75,identity,17,0.7416717636822563,0.7444676170479703,0.03165850697218709,0.044011135030577006
50000,100,0,25,0.01,75,identity,18,0.7295858153268614,0.7156745856682737,0.038816964316354556,0.04000972876847266
50000,100,0,25,0.01,75,identity,19,0.6957255797644224,0.6971135397051365,0.029812410579806055,0.03214983876525375
50000,100,0,25,0.01,75,identity,20,0.641557269003097,0.6294016327570662,0.023755909500689953,0.0236260600921853
50000,100,0,25,0.01,75,identity,21,0.7947164481163511,0.7922026294641107,0.05343673820336397,0.054905950071569946
50000,100,0,25,0.01,75,identity,22,0.7119004444444446,0.7282456565656565,0.03622607347032039,0.03819076865922977
50000,100,0,25,0.01,75,identity,23,0.7253793748294832,0.7426091770433529,0.03359572721923565,0.042657768635858614
50000,100,0,25,0.01,75,identity,24,0.6948306993256105,0.6929282613204744,0.038470706692259105,0.03862988370924774
50000,100,0,25,0.01,75,relu,0,0.5910054289445543,0.6259507894781309,0.016971186781456822,0.016402319547463153
50000,100,0,25,0.01,75,relu,1,0.5643394610814744,0.5949965143064986,0.01677861260687199,0.016909893718600237
50000,100,0,25,0.01,75,relu,2,0.6299071534515268,0.6624952455072786,0.0199990252117861,0.026524449162832153
50000,100,0,25,0.01,75,relu,3,0.5994579224377465,0.6154268943577844,0.017723991157372467,0.01588352631364558
50000,100,0,25,0.01,75,relu,4,0.6445220457910212,0.5916791344329295,0.017686415465276342,0.027579017944642587
50000,100,0,25,0.01,75,relu,5,0.5926086526751227,0.5978778621398371,0.01836083064815484,0.02120613422833611
50000,100,0,25,0.01,75,relu,6,0.650066089987195,0.6495478513210852,0.025936493441736305,0.02544115187518857
50000,100,0,25,0.01,75,relu,7,0.588098771042711,0.5757017430989215,0.014015223221240256,0.012317819405840435
50000,100,0,25,0.01,75,relu,8,0.6252182845403185,0.5945249101181305,0.016265979542555188,0.014190462465284043
50000,100,0,25,0.01,75,relu,9,0.5589346970261836,0.5753507124451042,0.014702378154725606,0.027735909049580232
50000,100,0,25,0.01,75,relu,10,0.6293003652524499,0.5879483324129947,0.020666109929756413,0.01632492938862809
50000,100,0,25,0.01,75,relu,11,0.6366919518601278,0.642667783919401,0.020321551288745132,0.019775326701917804
50000,100,0,25,0.01,75,relu,12,0.6371255551069843,0.6411198680030191,0.020147954857802054,0.02655131504092188
50000,100,0,25,0.01,75,relu,13,0.6182945123673189,0.6576740534322657,0.01684305772153005,0.02599965365762596
50000,100,0,25,0.01,75,relu,14,0.591271124041449,0.637524661284157,0.016372341491450844,0.017368000061113272
50000,100,0,25,0.01,75,relu,15,0.5872759318694344,0.565684961555335,0.013665203095662055,0.013729387317284743
50000,100,0,25,0.01,75,relu,16,0.6450337884588773,0.6278000887956087,0.016462102867794787,0.019146707137640457
50000,100,0,25,0.01,75,relu,17,0.6743112763736293,0.6420422729896288,0.017009413210630722,0.014098196584742276
50000,100,0,25,0.01,75,relu,18,0.5286123987689764,0.5422709986267497,0.009246027255688648,0.009111959213400026
50000,100,0,25,0.01,75,relu,19,0.5519142201300647,0.5630853566726126,0.012844453606332948,0.012701407321960668
50000,100,0,25,0.01,75,relu,20,0.573980629385707,0.5540036114704614,0.013855688684595434,0.01265866759496871
50000,100,0,25,0.01,75,relu,21,0.6671468893331766,0.6766980526480851,0.023173852963676023,0.03194065367574005
50000,100,0,25,0.01,75,relu,22,0.6043494141414141,0.5898931717171717,0.019519113297298905,0.015288377739101572
50000,100,0,25,0.01,75,relu,23,0.6357776488693583,0.6223038495056008,0.01524802578740254,0.019141755228912333
50000,100,0,25,0.01,75,relu,24,0.5883706151046341,0.5746015098212789,0.0188969410099972,0.015653415897378835
50000,100,0,25,0.01,100,identity,0,0.7207364439326898,0.7217436591907034,0.03160541741166334,0.03548411961317165
50000,100,0,25,0.01,100,identity,1,0.6470855308357581,0.6446272328645328,0.02941654804618678,0.03219378614239629
50000,100,0,25,0.01,100,identity,2,0.7201356761468274,0.7380251012150822,0.04201069641347191,0.034828059980070825
50000,100,0,25,0.01,100,identity,3,0.713073697649717,0.7237205618641217,0.02559413452354741,0.029058498235632748
50000,100,0,25,0.01,100,identity,4,0.7539214817440624,0.758495240527973,0.04625020228427357,0.04704746114112904
50000,100,0,25,0.01,100,identity,5,0.70410971295141,0.710971668149375,0.0347747674085519,0.034767620193307036
50000,100,0,25,0.01,100,identity,6,0.7202374051858804,0.7268882229601433,0.042986893554583086,0.041139392612111594
50000,100,0,25,0.01,100,identity,7,0.6786737993095499,0.668051490819095,0.027058795074845782,0.024748446836015126
50000,100,0,25,0.01,100,identity,8,0.7103184386235233,0.7186301269352117,0.020620309993743095,0.02264280490136345
50000,100,0,25,0.01,100,identity,9,0.6738585285904208,0.671645693089388,0.025843732864620474,0.02605224731671104
50000,100,0,25,0.01,100,identity,10,0.7292219701455466,0.7253243916340114,0.04256706284915533,0.04114502623253697
50000,100,0,25,0.01,100,identity,11,0.7585784674036615,0.7494456613352151,0.04163080294531925,0.048822809337628975
50000,100,0,25,0.01,100,identity,12,0.7191371048428147,0.7212897790103737,0.0479026027070162,0.0464092689844524
50000,100,0,25,0.01,100,identity,13,0.7207474134748332,0.7206125543191981,0.04409129982835322,0.048062856073824926
50000,100,0,25,0.01,100,identity,14,0.6649445457834015,0.6546111790980064,0.0177622608689448,0.020288925190547057
50000,100,0,25,0.01,100,identity,15,0.6565693299570785,0.6641883519206939,0.033724288537477554,0.028409248564963144
50000,100,0,25,0.01,100,identity,16,0.7178094296323632,0.7108592993219244,0.045045909990900496,0.044775537259706163
50000,100,0,25,0.01,100,identity,17,0.7343101329714126,0.7384483092135506,0.030114855641558365,0.034176570412497984
50000,100,0,25,0.01,100,identity,18,0.7151467025023924,0.7338669478021584,0.03446594128254824,0.036969744702609914
50000,100,0,25,0.01,100,identity,19,0.6855758442786586,0.7029823001697244,0.026262814754717635,0.03110283219170529
50000,100,0,25,0.01,100,identity,20,0.6550378052844095,0.6513362930730331,0.0238843761467384,0.024408790106258328
50000,100,0,25,0.01,100,identity,21,0.7895075022541064,0.7839953545807363,0.05473493240147807,0.054271214509191826
50000,100,0,25,0.01,100,identity,22,0.7150933333333334,0.7347975757575758,0.0435717207580822,0.047919664448450146
50000,100,0,25,0.01,100,identity,23,0.749569569490026,0.7531275743055501,0.04468892478839338,0.04492956748316673
50000,100,0,25,0.01,100,identity,24,0.7002296889389004,0.7018110618641447,0.03965189885442086,0.04279821377302971
50000,100,0,25,0.01,100,relu,0,0.6218839089366366,0.5693813803375167,0.017203759194448498,0.01553628306825062
50000,100,0,25,0.01,100,relu,1,0.5739522712576787,0.5987196391044294,0.016181589403757173,0.015325789612762928
50000,100,0,25,0.01,100,relu,2,0.621163899818217,0.653869170145984,0.016841922806999712,0.026587265395980563
50000,100,0,25,0.01,100,relu,3,0.5968899077951627,0.5783012695713442,0.015851135394816515,0.030744766299408983
50000,100,0,25,0.01,100,relu,4,0.6302201711950289,0.6090332224701294,0.019123170679705072,0.018017466210735546
50000,100,0,25,0.01,100,relu,5,0.5974088041165203,0.5954766207679869,0.01859542572211189,0.018589167640850023
50000,100,0,25,0.01,100,relu,6,0.6464368312590554,0.6531088232382665,0.021392514690783015,0.028561684216206577
50000,100,0,25,0.01,100,relu,7,0.6146408537269792,0.5892164404863265,0.015293076967881286,0.015111460379555228
50000,100,0,25,0.01,100,relu,8,0.6391180570841589,0.6264891041162227,0.016515894760012095,0.013869376146223106
50000,100,0,25,0.01,100,relu,9,0.5848269240238317,0.5479326547695251,0.01951522919698958,0.013910735072975324
50000,100,0,25,0.01,100,relu,10,0.6141652307166887,0.6135891874629924,0.022973704022471054,0.030290120720931766
50000,100,0,25,0.01,100,relu,11,0.6501338988200243,0.6380401279940414,0.02006696767760055,0.021100420814340444
50000,100,0,25,0.01,100,relu,12,0.6144508609643503,0.6050622246406067,0.013744969517605274,0.01380100268123342
50000,100,0,25,0.01,100,relu,13,0.6178705739325264,0.6449265251268644,0.01667037640143148,0.02485951516962326
50000,100,0,25,0.01,100,relu,14,0.6076995800205756,0.5913397523224581,0.014391208034171576,0.015198388462028109
50000,100,0,25,0.01,100,relu,15,0.5743706081107083,0.5685012866199224,0.019921199266097176,0.012424363976759875
50000,100,0,25,0.01,100,relu,16,0.6292927487430231,0.6323912253793994,0.01820820187068393,0.018445105987169978
50000,100,0,25,0.01,100,relu,17,0.671480964310971,0.6580867121782517,0.016089261744209903,0.01630523230003308
50000,100,0,25,0.01,100,relu,18,0.5520029018491747,0.5974724954017605,0.009814342288154422,0.012744438255237536
50000,100,0,25,0.01,100,relu,19,0.5975221637665452,0.6024898003081386,0.0153129525381034,0.013791498875576007
50000,100,0,25,0.01,100,relu,20,0.5461540534713238,0.5476449488415853,0.012481465492929096,0.012863440906093072
50000,100,0,25,0.01,100,relu,21,0.6872286496922655,0.6632236416558861,0.03378828312083868,0.028765642627674625
50000,100,0,25,0.01,100,relu,22,0.6082010505050505,0.6097008484848485,0.01916040321785211,0.017135788084191566
50000,100,0,25,0.01,100,relu,23,0.6478436093651083,0.6520525575518702,0.019927617591965402,0.01959178854998081
50000,100,0,25,0.01,100,relu,24,0.5818371955423935,0.5870073625828718,0.01804460098790772,0.01722010593037767
